Beginner Level,Sell like a Pro: Insider Secrets of Successful Selling!
Beginner Level,Forex - Help I cant Trade
Beginner Level,Como hacer empresa en 10 sesiones prácticas
Beginner Level,"Term Loan Appraisal for bankers, credit analysts"
Beginner Level,Start Now: A Rescue Plan for Retirement Late Savers
Beginner Level,Start-up financial modeling for non-finance professionals
Beginner Level,"Forex trading tactics, that work!"
Beginner Level,Basics of Private Equity
Beginner Level,Bitesize Bookkeeping for busy people
Beginner Level,Financial Accounting - The Ultimate Beginner Course
Beginner Level,Advanced Technical Analysis PART1!
Beginner Level,Forex/Opciones Binarias para Principiantes
Beginner Level,Estrategias de Inversión aplicadas al mundo del trading
Beginner Level,Financial Modeling - Facebook Case Study
Beginner Level,Forex Trading: The High ROI Forex Trading End of Day Course
Beginner Level,System of Asset Management for Professionals (SAMP)
Beginner Level,"Double Your Salary With Free, Local, Job Training Courses"
Beginner Level,The 7 fundamentals to Successful Cashflow Management
Beginner Level,"Depreciation, Amortization and Depletion"
Beginner Level,The Complete Litecoin Crypto Currency Bootcamp
Beginner Level,Learn Financial Modeling from Scratch - Part1
Beginner Level,How to trade in the Forex market
Beginner Level,Trading Tips from Hedge Fund Manager
Beginner Level,Financial Statement Review 101: How to Find Errors
Beginner Level,Accounting and Business Basics
Beginner Level,Managing Budgets in the Public and Non Profit Sector
Beginner Level,Dash Crypto Currency Technical and Trading Overview Bootcamp
Beginner Level,How to invest in Russian equity market
Beginner Level,Forex Trading for Beginners Vol 1:A Forex Course Made Simple
Beginner Level,Learn The ABC's Of Investing And Understanding True Financial Value
Beginner Level,Credit Control Procedures
Beginner Level,Economics for beginners - Various Concepts
Beginner Level,"Geometry Of Chance strategy of defeating the roulette."""
Beginner Level,Learn Financial Modeling from Scratch - Part 3
Beginner Level,Financial Reporting - Fundamentals/Basics
Beginner Level,Coaching Course:Investment Analysis for your clients
Beginner Level,Corporate Internal Controls and Fraud Controls
Beginner Level,Bitcoin & Ethereum Course (2 Course Bundle)
Beginner Level,Psicología del trading
Beginner Level,"Erfolgreich als Signalgeber/in, per Social- und Copytrading"
Beginner Level,Bookkeeping Practicals with Software
Beginner Level,Basic Bookkeeping
Beginner Level,"Credit concepts and checklist for bankers, credit analyst"
Beginner Level,beginning accounting
Beginner Level,Practical Film Financing: Finding & Pitching Investors
Beginner Level,Understanding Financial Statements
Beginner Level,How to achieve personal transformation
Beginner Level,Free Ways to Create Passive Income Online
Beginner Level,Understand Core Finance Principles in 60 Minutes
Beginner Level,Foundations of Investing
