Expert Level,Hedge Fund Trading System
Expert Level,Algorithmic Trading In Forex: Create Your First Forex Robot!
Expert Level,Forex & Financial Market Trading Tutorial- Online Strategies
Expert Level,Free Options 101 - Basic of Call and Put Options in 1 Hours
Expert Level,Stock Market Leverage: How to Start Trading Options Wisely
Expert Level,Ultimate Investment Banking Course
Expert Level,Stock Market Option Trading: How Sell Options For Premium
Expert Level,Options Trading Essentials: The ULTIMATE Guides
Expert Level,Introducción a la Contabilidad
Expert Level,"Financial Accounting, its Cycle, Statements & Analysis"
Expert Level,Learn How to Trade Pump and Dumps. 5 Setups Well Explained.
Expert Level,Accounting for Depreciation (Collage Level)
Expert Level,Forex Trading Profitably
Expert Level,Day Trading - Learn to Day Trade / Swing Trade In One Hour.
Expert Level,Inversión: Fundamentos del Trading para Principiantes
Expert Level,Advanced Finance and Accounting for Startups
Expert Level,Learn to Trade Forex Naked Price Action Wammie Trade
Expert Level,株式投資に必要なスキルの学習手順を学ぶ
Expert Level,Start Trading Stocks Using Technical Analysis! Part 2
Expert Level,How To Earn Some Bitcoin Every Time You Use A Search Engine
Expert Level,"Internal Controls - Design, Implementation and Monitoring"
Expert Level,Mit Finanzwissen zu besserem Unternehmertum
Expert Level,Get Credit for Your EIN That's Not Linked to Your SSN
Expert Level,Five steps to becoming a winner in stock investing
Expert Level,Financial Market Environment & Investment Strategies
