Intermediate Level,Beginner to Pro in Excel: Financial Modeling and Valuation
Intermediate Level,Financial Accounting - A Brief Introduction
Intermediate Level,The Complete Investment Banking Course 2017
Intermediate Level,Website Investing 101 - Buying & Selling Online Businesses
Intermediate Level,Four Fundamentals of Financial Planning
Intermediate Level,Option Trading for Rookies: The Covered Call Option Strategy
Intermediate Level,Introductory Forex Trading Course
Intermediate Level,FastTrack to Stock Trading Strategies
Intermediate Level,How to Win 97% of Your Options Trades
Intermediate Level,Budgeting Hacks to Build Wealth!
Intermediate Level,Professional Trader's Mindset - Complete Forex Course
Intermediate Level,Accounting Made Easy 2
Intermediate Level,How to Create Your Personal Budget
Intermediate Level,Introduction to Cryptocurrencies and Blockchain
Intermediate Level,Startup Business: How To Raise Seed Capital
Intermediate Level,Beginners Guide to Stock Market Investing
Intermediate Level,Stock market Investing Encyclopedia: How to invest in stocks
Intermediate Level,Accounting and Finance for Bankers - A Comprehensive Study
Intermediate Level,Trading Inside Bars - Master 1 Easy Pattern To Be Successful
Intermediate Level,Work From Home Online (Part/Full) : Trade Forex 4 Beginners
Intermediate Level,Cómo ganar dinero invirtiendo en bolsa
Intermediate Level,Project Funding Modelling (for Professionals)
Intermediate Level,The Blueprint for Successful Stock Trading
Intermediate Level,Financial Management Capital Market Instruments
Intermediate Level,Forex Traders - Create Your First Trading Robot. No Coding!
Intermediate Level,Excel functions to analyze and visualize data
Intermediate Level,Risk in Forex Transactions - for CA / CS / CFA exams
Intermediate Level,Sensitivity & Scenario Analysis for CA / CFA / CPA Exams
Intermediate Level,"IAS 16-Property,Plant and Equipment"
Intermediate Level,"Using 'The Greeks To Understand Options"""
Intermediate Level,"IAS 8-Accounting Policies ,Changes in Accounting Estimates"
Intermediate Level,Collection of Advanced Options concepts for Options traders
Intermediate Level,Investing: How I Consistently Beat The Stock Market
Intermediate Level,Accounting for Beginners : Learn Basics in under 1 Hour
Intermediate Level,The Tax Advantaged Investor: A Guide to Legal Tax Reduction!
Intermediate Level,How To Profit From Stock Market Volatility
Intermediate Level,Technical Analysis 101: How to Profit During Market Crashes
Intermediate Level,The Complete Forex Trader
Intermediate Level,Build Financial Models & Value Companies The Easy Way
Intermediate Level,Basics of investing in Mutual Funds
Intermediate Level,Investing And Trading For Beginners: Mastering Price Charts
Intermediate Level,The Actuarial Profession: Basic Sciences and Principles
Intermediate Level,Introduction to Financial Statement Analysis
Intermediate Level,Learn How to Set Up an Incubator Hedge Fund - Step-by-Step
Intermediate Level,Option Trading: How to Adjust Delta-Neutral Strangles!
Intermediate Level,Surviving Introduction to Finance
Intermediate Level,Curso de Day Trader para Iniciantes
Intermediate Level,Bookkeeping Made Easy
Intermediate Level,Financial Statements Analysis: Learn to Invest Like a Pro!
Intermediate Level,No Bull Investing: Investing 101 For Financial Freedom
Intermediate Level,Trading News Using Binary Options
Intermediate Level,How to Become an Accountant from scratch!
Intermediate Level,Investing in stocks: Avoid stock market loss
Intermediate Level,Learn To Invest In Index Funds and ETFs In 7 Easy Steps
Intermediate Level,Succeed in Bonds Even if You Don't Know Where to Start
Intermediate Level,Options Trading - Calendar Spread Course for Every Trader
Intermediate Level,Financial Modeling - Build Your Own 3 Statement Projection
Intermediate Level,Quantitative Aptitude for Banking & Competitive Examinations
Intermediate Level,Developing A Trading Strategy: Your Guide to Trading Success
Intermediate Level,Mastering High Probability Iron Condor Options Trading
Intermediate Level,61% Profit In 1 Month - Crush Your Forex Trading Paradigm
Intermediate Level,Tape Reading: Learn how to read the tape for day trading
Intermediate Level,"Economics: Competition, Elasticity, a little Game Theory"
Intermediate Level,An Intro into Trading the Financial Markets
Intermediate Level,Corporate Finance 101: Financial Statement Analysis & Ratios
Intermediate Level,Naked Put Options Trade Covered Call & Poor Man Covered Call
Intermediate Level,Public Speaking: You Can Give Great Financial Presentations
Intermediate Level,Accounting Books of Accounts (College Level)
Intermediate Level,Banking Credit Analysis Process (for Bankers)
Intermediate Level,Winning Forex Trading with Live Forex Trading Examples
Intermediate Level,العلوم والمبادئ الأساسية للمهنة الإكتوارية
Intermediate Level,Fixed Income Securities
Intermediate Level,ビットコイン生態系｜既存通貨が主役をやめる日
Intermediate Level,Comprehensive Forex Mastery Program
Intermediate Level,Stock Markets: How I Became Rich By Changing How I Trade
Intermediate Level,ALGOTECH Hedge Fund Method for Stock Market Trading
Intermediate Level,TRADING FOR A LIVING: Trading Full-Time Transition Guide
Intermediate Level,Curso Completo de Bitcoin - Ganhe 0.00005 Bitcoin
Intermediate Level,Finanzielle Unabhängigkeit-2 Millionär werden mit Investment
Intermediate Level,TRADING: 5K CHALLENGE
Intermediate Level,الدروس التعليمية لسوق الفوركس والأسواق المالية الأخرى
Intermediate Level,Curso Completo de Opciones Binarias: Estrategias 90% Acierto
Intermediate Level,Finanzielle Unabhängigkeit-3 Millionär werden mit Immobilien
Intermediate Level,Learn To Trade The Forex Naked Price Action Acapulco Trade
Intermediate Level,"Investing In Stocks For Big Gains, Fundamental Investing"
Intermediate Level,Quantitative Trading Analysis with Python
Intermediate Level,Mortgage Acceleration
Intermediate Level,"Wie Du, Dir auch mit kleinen Beträgen ein Vermögen aufbaust"
Intermediate Level,Credit Repair from a Financial Institution
Intermediate Level,Visualizing Data
Intermediate Level,CFA® Level 1 2014 – FI
Intermediate Level,CFA Level I Workshop 4: Fixed Income and Equity
Intermediate Level,Learn To Invest In 7 Steps
Intermediate Level,Corso introduttivo al trading profittevole
Intermediate Level,CFA Level I Workshop 2: Financial Reporting & Analysis I
Intermediate Level,CFA® Level 1 2014 – Portfolio Management
Intermediate Level,Case Studies in Macro Economics
Intermediate Level,Simple Options Trading System
Intermediate Level,Intermediate Accounting 1: Easy. Fast. Simple!
Intermediate Level,Learn the Foundations of Stocks and Options
Intermediate Level,Introduction to Day Trading
Intermediate Level,Budgeting for Business
Intermediate Level,Accounting Skills for Managers
Intermediate Level,Learn to trade Chart Patterns
Intermediate Level,Socorro! Preciso Organizar as Minhas Finanças!
Intermediate Level,株式投資で本当のテクニカル分析ができるようになる
Intermediate Level,Profit During Crashing Markets: A Step-by-Step Guide
Intermediate Level,ACCA FA1 Recording Financial Transactions
Intermediate Level,Financial Model Fundamentals-Learn the Essential Skills
Intermediate Level,Forex: Economic News Trading
Intermediate Level,FOREX Currency Trading For Beginners
Intermediate Level,An Abundance Mindset: How to Craft Yours
Intermediate Level,Finanzas personales: Logrando la Libertad Financiera
Intermediate Level,Practical Financial Statement Analysis
Intermediate Level,Forex Trading Plan
Intermediate Level,Introduction to the 8 Pillars for Accountants
Intermediate Level,FX Trading for Beginners
Intermediate Level,Forex: Presentation and Analysis (Fundamental & Technical)
Intermediate Level,10 Numbers Every Business Owner Should Know
Intermediate Level,Read financial statements like a pro
Intermediate Level,المحاسبة للإداريين و غير المحاسبين
Intermediate Level,Trading Options Basics
Intermediate Level,Aprende a llevar la contabilidad de forma informatizada
Intermediate Level,Nest Egg Investing
Intermediate Level,Effective Debt Collection Strategies
Intermediate Level,Tally ERP Complete Training in Urdu / Hindi
Intermediate Level,Chief Wealth Officer
Intermediate Level,Black Scholes Option Pricing Model
Intermediate Level,Profit and Loss Account for bankers and credit analysts
Intermediate Level,FMT: Forex Market Trader Certificate
Intermediate Level,"Intro. to Asset-Backed Securities, CFA Level I,  2017 Prep"
Intermediate Level,Intro to Financial Statement Audits
Intermediate Level,Best Practices in Corporate Budgeting
Intermediate Level,Teeter-Totter Accounting
